Demographic Group,Item Label,Response
AGE DEMOGRAPHIC GROUP,item1,18-24
AGE DEMOGRAPHIC GROUP,item2,25-34
AGE DEMOGRAPHIC GROUP,item3,35-44
AGE DEMOGRAPHIC GROUP,item4,45-54
AGE DEMOGRAPHIC GROUP,item5,55-64
AGE DEMOGRAPHIC GROUP,item6,65-74
AGE DEMOGRAPHIC GROUP,item7,75 and up
EDUCATION DEMOGRAPHIC GROUP,item1,Some high school
EDUCATION DEMOGRAPHIC GROUP,item2,High school graduate
EDUCATION DEMOGRAPHIC GROUP,item3,College Degree
EDUCATION DEMOGRAPHIC GROUP,item4,Master’s Degree
EDUCATION DEMOGRAPHIC GROUP,item5,Doctorate
GENDER DEMOGRAPHIC GROUP,item1,Man
GENDER DEMOGRAPHIC GROUP,item2,Woman
GENDER DEMOGRAPHIC GROUP,item3,Non-Binary
GENDER DEMOGRAPHIC GROUP,item4,Prefer not to Answer
ORIENTATION DEMOGRAPHIC GROUP,item1,Asexual
ORIENTATION DEMOGRAPHIC GROUP,item2,Bisexal
ORIENTATION DEMOGRAPHIC GROUP,item3,Heterosexual / Straight
ORIENTATION DEMOGRAPHIC GROUP,item4,Homosexual / Gay
ORIENTATION DEMOGRAPHIC GROUP,item5,Prefer not to Answer
RACE DEMOGRAPHIC GROUPS,item1,Asian
RACE DEMOGRAPHIC GROUPS,item2,Black or African American
RACE DEMOGRAPHIC GROUPS,item3,Hispanic or Latinx
RACE DEMOGRAPHIC GROUPS,item4,Native American or Alaska Native
RACE DEMOGRAPHIC GROUPS,item5,Native Hawaiian or Pacific Islander
RACE DEMOGRAPHIC GROUPS,item6,White
